domain	filename	URL
숙박	accommodation.01.html	https://www.booking.com/hotel/kr/skypark-central-myeongdong.ko.html
숙박	accommodation.02.html	https://www.booking.com/hotel/gr/wukela-apartments.ko.html
숙박	accommodation.03.html	https://www.booking.com/hotel/es/botana-7.ko.html
숙박	accommodation.04.html	https://www.booking.com/hotel/vn/sea-corner-boutique-da-nang.ko.html
숙박	accommodation.05.html	https://www.booking.com/hotel/fr/la-cubelette.ko.html
숙박	accommodation.06.html	https://www.booking.com/hotel/es/son-alzines-escorca.ko.html
숙박	accommodation.07.html	https://www.booking.com/hotel/kr/sokcho-n-guesthouse.ko.html
숙박	accommodation.08.html	https://www.booking.com/hotel/kr/the-house-hostel.ko.html
숙박	accommodation.09.html	https://www.booking.com/hotel/kr/red-windmill-pension.ko.html
숙박	accommodation.10.html	https://www.booking.com/hotel/kr/signiel-seoul.ko.html
숙박	accommodation.11.html	https://www.booking.com/hotel/us/buena-vista-suites.ko.html
숙박	accommodation.12.html	https://www.booking.com/hotel/us/library.ko.html
숙박	accommodation.13.html	https://www.booking.com/hotel/kr/nine-tree-premier-seoul-pangyo.ko.html
숙박	accommodation.14.html	https://www.booking.com/hotel/vn/raon-valley-villa.ko.html
숙박	accommodation.15.html	https://www.booking.com/hotel/nl/motor-yacht-amstelle.ko.html
숙박	accommodation.16.html	https://www.booking.com/hotel/it/cascina-battivacco-milano.ko.html
숙박	accommodation.17.html	https://www.booking.com/hotel/it/ostuni-flats-campagna.ko.html
숙박	accommodation.18.html	https://www.booking.com/hotel/il/comfort-hotel-eilat.ko.html
숙박	accommodation.19.html	https://www.booking.com/hotel/it/relais-le-clarisse.ko.html
숙박	accommodation.20.html	https://www.booking.com/hotel/us/orlando-rv-resort-clermont7.ko.html
숙박	accommodation.21.html	https://www.booking.com/hotel/ma/une-histoire-particuliere-la-brillante.ko.html
숙박	accommodation.22.html	https://www.booking.com/hotel/ma/riad-de-vinci.ko.html
숙박	accommodation.23.html	https://www.booking.com/hotel/jp/yufuin-bettei-itsuki.ko.html
숙박	accommodation.24.html	https://www.booking.com/hotel/jp/guesthouse-miyabi.ko.html
숙박	accommodation.25.html	https://www.booking.com/hotel/us/sheraton-princess-kaiulani.ko.html
미용	beauty.01.html	https://www.allurekorea.com/2022/10/07/10월의-립-아이-베이스-썬케어-신제품을-한자리에-2/
미용	beauty.02.html	https://www.allurekorea.com/2022/10/07/clean-beauty-for-men/
미용	beauty.03.html	https://www.allurekorea.com/2022/10/06/탄력-잡고-주름-잡는-미샤-보랏빛-앰플밤/
미용	beauty.04.html	https://www.allurekorea.com/2022/10/06/shortcut/
미용	beauty.05.html	https://www.allurekorea.com/2022/10/05/누가-심사하나요/
미용	beauty.06.html	https://www.allurekorea.com/2022/10/03/2022-수상작-중-에디터의-키-아이템은/
미용	beauty.07.html	https://www.allurekorea.com/2022/10/03/fall-in-fall/
미용	beauty.08.html	https://www.allurekorea.com/2022/10/02/과감해진-그의-네일아트/
미용	beauty.09.html	https://www.allurekorea.com/2022/10/02/nail-drop/
미용	beauty.10.html	https://www.allurekorea.com/2022/10/01/얼굴이-퉁퉁-붓는-이유-5/
미용	beauty.11.html	https://www.allurekorea.com/2022/10/01/sleeping-beauty/
미용	beauty.12.html	https://www.allurekorea.com/2022/10/01/114만-팔로워를-거느린-인스타그램을-통해-집계된-독자/
미용	beauty.13.html	https://www.allurekorea.com/2022/09/30/미미-본인도-못-맞추는-미미어-듣기-평가/
미용	beauty.14.html	https://www.allurekorea.com/2022/09/30/환절기-피부를-위한-광채보습-솔루션/
미용	beauty.15.html	https://www.allurekorea.com/2022/09/29/나만의-맞춤-칫솔-클릭/
미용	beauty.16.html	https://www.allurekorea.com/2022/09/29/next-newbie/
미용	beauty.17.html	https://www.allurekorea.com/2022/09/29/2022-the-best-of-beauty/
미용	beauty.18.html	https://www.allurekorea.com/2022/09/28/패드-1장으로-촉촉하고-맑은-피부-완성/
미용	beauty.19.html	https://www.allurekorea.com/2022/09/28/운동-그-이상의-무엇/
미용	beauty.20.html	https://www.allurekorea.com/2022/09/27/2022-베스트-오브-뷰티-에디터스-픽/
미용	beauty.21.html	https://www.allurekorea.com/2022/09/27/road-to-b-o-b/
미용	beauty.22.html	https://www.allurekorea.com/2022/09/26/2022-베스트-오브-뷰티-위너/
미용	beauty.23.html	https://www.allurekorea.com/2022/09/25/2022-keyword/
미용	beauty.24.html	https://www.allurekorea.com/2022/09/24/andar-x-sihyunhada/
미용	beauty.25.html	https://www.allurekorea.com/2022/09/23/깻잎머리-전성기/
미용	beauty.26.html	https://www.allurekorea.com/2022/09/23/mz가-홀릭하는-뷰티-아이템-zip/
미용	beauty.27.html	https://www.allurekorea.com/2022/09/22/weddinginvitation/
미용	beauty.28.html	https://www.allurekorea.com/2022/09/22/고기-없이도-맛있게/
진로	career.01.html	https://www.career.go.kr/cnet/front/base/job/jobView.do?SEQ=176
진로	career.02.html	https://www.career.go.kr/cnet/front/base/job/jobView.do?SEQ=973
진로	career.03.html	https://www.career.go.kr/cnet/front/base/job/jobView.do?SEQ=359
진로	career.04.html	https://www.career.go.kr/cnet/front/base/job/jobView.do?SEQ=410
진로	career.05.html	https://www.career.go.kr/cnet/front/base/job/jobView.do?SEQ=15
진로	career.06.html	https://www.career.go.kr/cnet/front/base/job/jobView.do?SEQ=150
진로	career.07.html	https://www.career.go.kr/cnet/front/base/guidebook/guideBookDetail.do?GUIDEBOOK_SEQ=10583
진로	career.08.html	https://www.career.go.kr/cnet/front/base/guidebook/guideBookDetail.do?GUIDEBOOK_SEQ=10567
진로	career.09.html	https://www.career.go.kr/cnet/front/base/guidebook/guideBookDetail.do?GUIDEBOOK_SEQ=10578
진로	career.10.html	https://www.career.go.kr/cnet/front/base/guidebook/guideBookDetail.do?GUIDEBOOK_SEQ=10590
진로	career.11.html	https://www.career.go.kr/cnet/front/base/guidebook/guideBookDetail.do?GUIDEBOOK_SEQ=10596
진로	career.12.html	https://www.career.go.kr/cnet/front/base/guidebook/guideBookDetail.do?GUIDEBOOK_SEQ=10608
진로	career.13.html	https://www.career.go.kr/cnet/front/base/base/newJob/newJobDetail.do?NEWJOB_SEQ=10582
진로	career.14.html	https://www.career.go.kr/cnet/front/base/base/newJob/newJobDetail.do?NEWJOB_SEQ=10572
진로	career.15.html	https://www.career.go.kr/cnet/front/base/base/newJob/newJobDetail.do?NEWJOB_SEQ=10574
진로	career.16.html	https://www.career.go.kr/cnet/front/base/base/newJob/newJobDetail.do?NEWJOB_SEQ=10597
진로	career.17.html	https://www.career.go.kr/cnet/front/base/base/newJob/newJobDetail.do?NEWJOB_SEQ=10612
진로	career.18.html	https://www.career.go.kr/cnet/front/base/base/newJob/newJobDetail.do?NEWJOB_SEQ=10590
진로	career.19.html	https://www.career.go.kr/cnet/front/base/major/FunivMajorView.do?SEQ=203
진로	career.20.html	https://www.career.go.kr/cnet/front/base/major/FunivMajorView.do?SEQ=413
진로	career.21.html	https://www.career.go.kr/cnet/front/base/major/FunivMajorView.do?SEQ=569
진로	career.22.html	https://www.career.go.kr/cnet/front/base/major/FunivMajorView.do?SEQ=330
진로	career.23.html	https://www.career.go.kr/cnet/front/base/major/FunivMajorView.do?SEQ=345
진로	career.24.html	https://www.career.go.kr/cnet/front/base/major/FunivMajorView.do?SEQ=624
진로	career.25.html	https://www.career.go.kr/cnet/front/base/major/FunivMajorView.do?SEQ=551
경제	economy.01.html	https://www.bok.or.kr/portal/main/contents.do?menuNo=200025
경제	economy.02.html	https://www.bok.or.kr/portal/main/contents.do?menuNo=200406
경제	economy.03.html	https://www.bok.or.kr/portal/main/contents.do?menuNo=200408
경제	economy.04.html	https://www.bok.or.kr/portal/main/contents.do?menuNo=200411
경제	economy.05.html	https://www.bok.or.kr/portal/main/contents.do?menuNo=200416
경제	economy.06.html	https://www.bok.or.kr/portal/main/contents.do?menuNo=200415
경제	economy.07.html	https://www.bok.or.kr/portal/main/contents.do?menuNo=200398
경제	economy.08.html	https://www.bok.or.kr/portal/main/contents.do?menuNo=200404
경제	economy.09.html	https://www.bok.or.kr/portal/main/contents.do?menuNo=200380
경제	economy.10.html	https://www.bok.or.kr/portal/main/contents.do?menuNo=201078
경제	economy.11.html	https://www.bok.or.kr/portal/main/contents.do?menuNo=200328
경제	economy.12.html	https://www.bok.or.kr/portal/main/contents.do?menuNo=200321
경제	economy.13.html	https://www.bok.or.kr/portal/main/contents.do?menuNo=200323
경제	economy.14.html	https://www.bok.or.kr/portal/main/contents.do?menuNo=200324
경제	economy.15.html	https://www.bok.or.kr/portal/main/contents.do?menuNo=200345
경제	economy.16.html	https://www.bok.or.kr/portal/main/contents.do?menuNo=200356
경제	economy.17.html	https://www.bok.or.kr/portal/main/contents.do?menuNo=200733
경제	economy.18.html	https://www.bok.or.kr/portal/main/contents.do?menuNo=200361
경제	economy.19.html	https://www.bok.or.kr/portal/main/contents.do?menuNo=200291
경제	economy.20.html	https://www.bok.or.kr/portal/main/contents.do?menuNo=200297
경제	economy.21.html	https://www.bok.or.kr/portal/main/contents.do?menuNo=200393
경제	economy.22.html	https://www.bok.or.kr/portal/main/contents.do?menuNo=200302
경제	economy.23.html	https://www.bok.or.kr/portal/main/contents.do?menuNo=200303
경제	economy.24.html	https://www.bok.or.kr/portal/main/contents.do?menuNo=200400
경제	economy.25.html	https://www.bok.or.kr/portal/main/contents.do?menuNo=200294
경제	economy.26.html	https://www.bok.or.kr/portal/main/contents.do?menuNo=200296
경제	economy.27.html	https://www.bok.or.kr/portal/main/contents.do?menuNo=200158
교육	education.01.html	https://www.inflearn.com/course/유니티-게임개발-파트1-2
교육	education.02.html	https://www.inflearn.com/course/유니티-mmorpg-개발-aspnet
교육	education.03.html	https://www.inflearn.com/course/스프링-입문-스프링부트
교육	education.04.html	https://www.inflearn.com/course/데이터-분석-sql-실전
교육	education.05.html	https://www.inflearn.com/course/핵심-입문자-파이썬-판다스
교육	education.06.html	https://www.inflearn.com/course/웹-표준-사이트-만들기
교육	education.07.html	https://www.inflearn.com/course/왕초보-웹개발-입문
교육	education.08.html	https://www.inflearn.com/course/r로-배우는-통계-1
교육	education.09.html	https://www.inflearn.com/course/슬기로운-노션-활용법
교육	education.10.html	https://www.inflearn.com/course/단어로-배우는-중국어-회화
교육	education.11.html	https://www.inflearn.com/course/처음-만난-리액트
교육	education.12.html	https://www.inflearn.com/course/서버와인터넷-데이터-배경-상식
교육	education.13.html	https://www.inflearn.com/course/aws-2
교육	education.14.html	https://www.inflearn.com/course/dsrv-dev-playground
교육	education.15.html	https://www.inflearn.com/course/스프링부트-시큐리티
교육	education.16.html	https://www.inflearn.com/course/cuda-프로그래밍-소개
교육	education.17.html	https://www.inflearn.com/course/나도코딩-이미지처리
교육	education.18.html	https://www.inflearn.com/course/혼자공부-r-데이터분석
교육	education.19.html	https://www.inflearn.com/course/데이터-과학-넘파이-기본
교육	education.20.html	https://www.inflearn.com/course/지브러시-강좌-zbrush-입문
교육	education.21.html	https://www.inflearn.com/course/블렌더-진짜-초보
교육	education.22.html	https://www.inflearn.com/course/pm-si-프로젝트-알아가기
교육	education.23.html	https://www.inflearn.com/course/엑셀
교육	education.24.html	https://www.inflearn.com/course/서바이벌-키트
교육	education.25.html	https://www.inflearn.com/course/정보보안-커리어-입문
영화	film.01.html	https://www.koreafilm.or.kr/library/search/video/94117
영화	film.02.html	https://www.koreafilm.or.kr/library/search/video/103458
영화	film.03.html	https://www.koreafilm.or.kr/library/search/video/41777
영화	film.04.html	https://www.koreafilm.or.kr/library/search/video/58098
영화	film.05.html	https://www.koreafilm.or.kr/library/search/video/27368
영화	film.06.html	https://www.koreafilm.or.kr/library/search/video/46896
영화	film.07.html	https://www.koreafilm.or.kr/library/search/video/12039
영화	film.08.html	https://www.koreafilm.or.kr/library/search/video/90807
영화	film.09.html	https://www.koreafilm.or.kr/library/search/video/45211
영화	film.10.html	https://www.koreafilm.or.kr/library/search/video/94155
영화	film.11.html	https://www.koreafilm.or.kr/library/search/video/94368
영화	film.12.html	https://www.koreafilm.or.kr/library/search/video/94422
영화	film.13.html	https://www.koreafilm.or.kr/library/search/video/94142
영화	film.14.html	https://www.koreafilm.or.kr/library/search/video/93563
영화	film.15.html	https://www.koreafilm.or.kr/library/search/video/48180
영화	film.16.html	https://www.koreafilm.or.kr/library/search/video/66298
영화	film.17.html	https://www.koreafilm.or.kr/library/search/video/77128
영화	film.18.html	https://www.koreafilm.or.kr/library/search/video/53087
영화	film.19.html	https://www.koreafilm.or.kr/library/search/video/00075783
영화	film.20.html	https://www.koreafilm.or.kr/library/search/video/00071747
영화	film.21.html	https://www.koreafilm.or.kr/library/search/video/00007614
영화	film.22.html	https://www.koreafilm.or.kr/library/search/video/00044681
영화	film.23.html	https://www.koreafilm.or.kr/library/search/video/00043850
영화	film.24.html	https://www.koreafilm.or.kr/library/search/video/00078091
영화	film.25.html	https://www.koreafilm.or.kr/library/search/video/00072061
영화	film.26.html	https://www.koreafilm.or.kr/library/search/video/00079843
영화	film.27.html	https://www.koreafilm.or.kr/library/search/video/00008892
영화	film.28.html	https://www.koreafilm.or.kr/library/search/video/00075990
금융	finance.01.html	https://dart.fss.or.kr/dsaf001/main.do?rcpNo=20220920000051
금융	finance.02.html	https://dart.fss.or.kr/dsaf001/main.do?rcpNo=20220920000055
금융	finance.03.html	https://dart.fss.or.kr/dsaf001/main.do?rcpNo=20220920000060
금융	finance.04.html	https://dart.fss.or.kr/dsaf001/main.do?rcpNo=20220920000061
금융	finance.05.html	https://dart.fss.or.kr/dsaf001/main.do?rcpNo=20220920000063
금융	finance.06.html	https://dart.fss.or.kr/dsaf001/main.do?rcpNo=20220920000064
금융	finance.07.html	https://dart.fss.or.kr/dsaf001/main.do?rcpNo=20220920000069
금융	finance.08.html	https://dart.fss.or.kr/dsaf001/main.do?rcpNo=20220920000070
금융	finance.09.html	https://dart.fss.or.kr/dsaf001/main.do?rcpNo=20220920000072
금융	finance.10.html	https://dart.fss.or.kr/dsaf001/main.do?rcpNo=20220920000073
금융	finance.11.html	https://dart.fss.or.kr/dsaf001/main.do?rcpNo=20220920000074
금융	finance.12.html	https://dart.fss.or.kr/dsaf001/main.do?rcpNo=20220920000075
금융	finance.13.html	https://dart.fss.or.kr/dsaf001/main.do?rcpNo=20220920000076
금융	finance.14.html	https://dart.fss.or.kr/dsaf001/main.do?rcpNo=20220920000077
금융	finance.15.html	https://dart.fss.or.kr/dsaf001/main.do?rcpNo=20220920000079
금융	finance.16.html	https://dart.fss.or.kr/dsaf001/main.do?rcpNo=20220920000082
금융	finance.17.html	https://dart.fss.or.kr/dsaf001/main.do?rcpNo=20220920000083
금융	finance.18.html	https://dart.fss.or.kr/dsaf001/main.do?rcpNo=20220920000088
금융	finance.19.html	https://dart.fss.or.kr/dsaf001/main.do?rcpNo=20220920000092
금융	finance.20.html	https://dart.fss.or.kr/dsaf001/main.do?rcpNo=20220920000093
금융	finance.21.html	https://dart.fss.or.kr/dsaf001/main.do?rcpNo=20220920000095
금융	finance.22.html	https://dart.fss.or.kr/dsaf001/main.do?rcpNo=20220920000098
금융	finance.23.html	https://dart.fss.or.kr/dsaf001/main.do?rcpNo=20220920000099
금융	finance.24.html	https://dart.fss.or.kr/dsaf001/main.do?rcpNo=20220920000100
금융	finance.25.html	https://dart.fss.or.kr/dsaf001/main.do?rcpNo=20220920000102
게임	game.01.html	https://www.thisisgame.com/webzine/news/nboard/263/?n=159302
게임	game.02.html	https://www.thisisgame.com/webzine/news/nboard/263/?n=159198
게임	game.03.html	https://www.thisisgame.com/webzine/news/nboard/263/?n=158615
게임	game.04.html	https://www.thisisgame.com/webzine/news/nboard/263/?n=158418
게임	game.05.html	https://www.thisisgame.com/webzine/news/nboard/4/?n=159212
게임	game.06.html	https://www.thisisgame.com/webzine/news/nboard/4/?n=158672
게임	game.07.html	https://www.thisisgame.com/webzine/news/nboard/4/?n=144518
게임	game.08.html	https://www.thisisgame.com/webzine/news/nboard/4/?n=158029
게임	game.09.html	https://www.thisisgame.com/webzine/news/nboard/266/?n=158009
게임	game.10.html	https://www.thisisgame.com/webzine/news/nboard/266/?n=156307
게임	game.11.html	https://www.thisisgame.com/webzine/news/nboard/225/?n=159329
게임	game.12.html	https://www.thisisgame.com/webzine/news/nboard/225/?n=159291
게임	game.13.html	https://www.thisisgame.com/webzine/news/nboard/4/?n=158716
게임	game.14.html	https://www.thisisgame.com/webzine/game/nboard/16/?n=158315
게임	game.15.html	https://www.thisisgame.com/webzine/game/nboard/16/?n=149767
게임	game.16.html	https://www.thisisgame.com/webzine/game/nboard/16/?n=145963
게임	game.17.html	https://www.thisisgame.com/webzine/game/nboard/16/?n=142525
게임	game.18.html	https://www.thisisgame.com/webzine/game/nboard/16/?n=137727
게임	game.19.html	https://www.thisisgame.com/webzine/game/nboard/16/?n=135518
게임	game.20.html	https://www.thisisgame.com/webzine/game/nboard/16/?n=154233
게임	game.21.html	https://www.thisisgame.com/webzine/game/nboard/16/?n=151758
게임	game.22.html	https://www.thisisgame.com/webzine/game/nboard/16/?n=151379
게임	game.23.html	https://www.thisisgame.com/webzine/game/nboard/16/?n=150718
게임	game.24.html	https://www.thisisgame.com/webzine/game/nboard/16/?n=148845
게임	game.25.html	https://www.thisisgame.com/webzine/game/nboard/16/?n=142682
공공기관	government.01.html	https://www.index.go.kr/potal/main/EachDtlPageDetail.do?idx_cd=1548
공공기관	government.02.html	https://www.index.go.kr/potal/main/EachDtlPageDetail.do?idx_cd=1013
공공기관	government.03.html	https://www.index.go.kr/potal/main/EachDtlPageDetail.do?idx_cd=1520
공공기관	government.04.html	https://www.index.go.kr/potal/main/EachDtlPageDetail.do?idx_cd=1525
공공기관	government.05.html	https://www.index.go.kr/potal/main/EachDtlPageDetail.do?idx_cd=1529
공공기관	government.06.html	https://www.index.go.kr/potal/main/EachDtlPageDetail.do?idx_cd=1229
공공기관	government.07.html	https://www.index.go.kr/potal/main/EachDtlPageDetail.do?idx_cd=1558
공공기관	government.08.html	https://www.index.go.kr/potal/main/EachDtlPageDetail.do?idx_cd=1553
공공기관	government.09.html	https://www.index.go.kr/potal/main/EachDtlPageDetail.do?idx_cd=1539
공공기관	government.10.html	https://www.index.go.kr/potal/main/EachDtlPageDetail.do?idx_cd=1540
공공기관	government.11.html	https://www.index.go.kr/potal/main/EachDtlPageDetail.do?idx_cd=1523
공공기관	government.12.html	https://www.index.go.kr/potal/main/EachDtlPageDetail.do?idx_cd=1519
공공기관	government.13.html	https://www.index.go.kr/potal/main/EachDtlPageDetail.do?idx_cd=1557
공공기관	government.14.html	https://www.index.go.kr/potal/main/EachDtlPageDetail.do?idx_cd=1531
공공기관	government.15.html	https://www.index.go.kr/potal/main/EachDtlPageDetail.do?idx_cd=1559
공공기관	government.16.html	https://www.index.go.kr/potal/main/EachDtlPageDetail.do?idx_cd=1543
공공기관	government.17.html	https://www.index.go.kr/potal/main/EachDtlPageDetail.do?idx_cd=1555
공공기관	government.18.html	https://www.index.go.kr/potal/main/EachDtlPageDetail.do?idx_cd=1547
공공기관	government.19.html	https://www.index.go.kr/potal/main/EachDtlPageDetail.do?idx_cd=1544
공공기관	government.20.html	https://www.index.go.kr/potal/main/EachDtlPageDetail.do?idx_cd=1537
공공기관	government.21.html	https://www.index.go.kr/potal/main/EachDtlPageDetail.do?idx_cd=1538
공공기관	government.22.html	https://www.index.go.kr/potal/main/EachDtlPageDetail.do?idx_cd=1545
공공기관	government.23.html	https://www.index.go.kr/potal/main/EachDtlPageDetail.do?idx_cd=1534
공공기관	government.24.html	https://www.index.go.kr/potal/main/EachDtlPageDetail.do?idx_cd=1535
공공기관	government.25.html	https://www.index.go.kr/potal/main/EachDtlPageDetail.do?idx_cd=1536
건강	health.01.html	https://health.kdca.go.kr/healthinfo/biz/health/gnrlzHealthInfo/gnrlzHealthInfo/gnrlzHealthInfoView.do?cntnts_sn=3348
건강	health.02.html	https://health.kdca.go.kr/healthinfo/biz/health/gnrlzHealthInfo/gnrlzHealthInfo/gnrlzHealthInfoView.do?cntnts_sn=5244
건강	health.03.html	https://health.kdca.go.kr/healthinfo/biz/health/gnrlzHealthInfo/gnrlzHealthInfo/gnrlzHealthInfoView.do?cntnts_sn=5289
건강	health.04.html	https://health.kdca.go.kr/healthinfo/biz/health/gnrlzHealthInfo/gnrlzHealthInfo/gnrlzHealthInfoView.do?cntnts_sn=5267
건강	health.05.html	https://health.kdca.go.kr/healthinfo/biz/health/gnrlzHealthInfo/gnrlzHealthInfo/gnrlzHealthInfoView.do?cntnts_sn=5450
건강	health.06.html	https://health.kdca.go.kr/healthinfo/biz/health/gnrlzHealthInfo/gnrlzHealthInfo/gnrlzHealthInfoView.do?cntnts_sn=5438
건강	health.07.html	https://health.kdca.go.kr/healthinfo/biz/health/gnrlzHealthInfo/gnrlzHealthInfo/gnrlzHealthInfoView.do?cntnts_sn=5371
건강	health.08.html	https://health.kdca.go.kr/healthinfo/biz/health/gnrlzHealthInfo/gnrlzHealthInfo/gnrlzHealthInfoView.do?cntnts_sn=5269
건강	health.09.html	https://health.kdca.go.kr/healthinfo/biz/health/gnrlzHealthInfo/gnrlzHealthInfo/gnrlzHealthInfoView.do?cntnts_sn=4208
건강	health.10.html	https://health.kdca.go.kr/healthinfo/biz/health/gnrlzHealthInfo/gnrlzHealthInfo/gnrlzHealthInfoView.do?cntnts_sn=5257
건강	health.11.html	https://health.kdca.go.kr/healthinfo/biz/health/gnrlzHealthInfo/gnrlzHealthInfo/gnrlzHealthInfoView.do?cntnts_sn=5421
건강	health.12.html	https://health.kdca.go.kr/healthinfo/biz/health/gnrlzHealthInfo/gnrlzHealthInfo/gnrlzHealthInfoView.do?cntnts_sn=5474
건강	health.13.html	https://health.kdca.go.kr/healthinfo/biz/health/gnrlzHealthInfo/gnrlzHealthInfo/gnrlzHealthInfoView.do?cntnts_sn=5350
건강	health.14.html	https://health.kdca.go.kr/healthinfo/biz/health/gnrlzHealthInfo/gnrlzHealthInfo/gnrlzHealthInfoView.do?cntnts_sn=5976
건강	health.15.html	https://health.kdca.go.kr/healthinfo/biz/health/gnrlzHealthInfo/gnrlzHealthInfo/gnrlzHealthInfoView.do?cntnts_sn=5448
건강	health.16.html	https://health.kdca.go.kr/healthinfo/biz/health/gnrlzHealthInfo/gnrlzHealthInfo/gnrlzHealthInfoView.do?cntnts_sn=5232
건강	health.17.html	https://health.kdca.go.kr/healthinfo/biz/health/gnrlzHealthInfo/gnrlzHealthInfo/gnrlzHealthInfoView.do?cntnts_sn=5467
건강	health.18.html	https://health.kdca.go.kr/healthinfo/biz/health/gnrlzHealthInfo/gnrlzHealthInfo/gnrlzHealthInfoView.do?cntnts_sn=1729
건강	health.19.html	https://health.kdca.go.kr/healthinfo/biz/health/gnrlzHealthInfo/gnrlzHealthInfo/gnrlzHealthInfoView.do?cntnts_sn=5317
건강	health.20.html	https://health.kdca.go.kr/healthinfo/biz/health/gnrlzHealthInfo/gnrlzHealthInfo/gnrlzHealthInfoView.do?cntnts_sn=1567
건강	health.21.html	https://health.kdca.go.kr/healthinfo/biz/health/gnrlzHealthInfo/gnrlzHealthInfo/gnrlzHealthInfoView.do?cntnts_sn=5840
건강	health.22.html	https://health.kdca.go.kr/healthinfo/biz/health/gnrlzHealthInfo/gnrlzHealthInfo/gnrlzHealthInfoView.do?cntnts_sn=5828
건강	health.23.html	https://health.kdca.go.kr/healthinfo/biz/health/gnrlzHealthInfo/gnrlzHealthInfo/gnrlzHealthInfoView.do?cntnts_sn=5822
건강	health.24.html	https://health.kdca.go.kr/healthinfo/biz/health/gnrlzHealthInfo/gnrlzHealthInfo/gnrlzHealthInfoView.do?cntnts_sn=5801
건강	health.25.html	https://health.kdca.go.kr/healthinfo/biz/health/gnrlzHealthInfo/gnrlzHealthInfo/gnrlzHealthInfoView.do?cntnts_sn=5794
건강	health.26.html	https://health.kdca.go.kr/healthinfo/biz/health/gnrlzHealthInfo/gnrlzHealthInfo/gnrlzHealthInfoView.do?cntnts_sn=5703
건강	health.27.html	https://health.kdca.go.kr/healthinfo/biz/health/gnrlzHealthInfo/gnrlzHealthInfo/gnrlzHealthInfoView.do?cntnts_sn=5690
건강	health.28.html	https://health.kdca.go.kr/healthinfo/biz/health/gnrlzHealthInfo/gnrlzHealthInfo/gnrlzHealthInfoView.do?cntnts_sn=5451
음악	music.01.html	https://www.melon.com/album/detail.htm?albumId=11052794
음악	music.02.html	https://www.melon.com/album/detail.htm?albumId=11057553
음악	music.03.html	https://www.melon.com/album/detail.htm?albumId=11058028
음악	music.04.html	https://www.melon.com/album/detail.htm?albumId=11058040
음악	music.05.html	https://www.melon.com/album/detail.htm?albumId=11058164
음악	music.06.html	https://www.melon.com/album/detail.htm?albumId=11058437
음악	music.07.html	https://www.melon.com/album/detail.htm?albumId=11058467
음악	music.08.html	https://www.melon.com/album/detail.htm?albumId=11058506
음악	music.09.html	https://www.melon.com/album/detail.htm?albumId=11058864
음악	music.10.html	https://www.melon.com/album/detail.htm?albumId=11058884
음악	music.11.html	https://www.melon.com/album/detail.htm?albumId=11058885
음악	music.12.html	https://www.melon.com/musicstory/inform.htm?mstorySeq=12978
음악	music.13.html	https://www.melon.com/musicstory/inform.htm?mstorySeq=12970
음악	music.14.html	https://www.melon.com/musicstory/inform.htm?mstorySeq=12339
음악	music.15.html	https://www.melon.com/musicstory/inform.htm?mstorySeq=13005
음악	music.16.html	https://www.melon.com/musicstory/inform.htm?mstorySeq=11751
음악	music.17.html	https://www.melon.com/musicstory/inform.htm?mstorySeq=13034
음악	music.18.html	https://www.melon.com/musicstory/inform.htm?mstorySeq=12965
음악	music.19.html	https://www.melon.com/musicstory/inform.htm?mstorySeq=12997
음악	music.20.html	https://www.melon.com/musicstory/inform.htm?mstorySeq=9308
음악	music.21.html	https://www.melon.com/musicstory/inform.htm?mstorySeq=11185
음악	music.22.html	https://www.melon.com/musicstory/inform.htm?mstorySeq=11020
음악	music.23.html	https://www.melon.com/musicstory/inform.htm?mstorySeq=10970
음악	music.24.html	https://www.melon.com/musicstory/inform.htm?mstorySeq=10953
음악	music.25.html	https://www.melon.com/musicstory/inform.htm?mstorySeq=5584
요리법	recipe.01.html	https://www.10000recipe.com/recipe/6903507
요리법	recipe.02.html	https://www.10000recipe.com/recipe/6903508
요리법	recipe.03.html	https://www.10000recipe.com/recipe/6903509
요리법	recipe.04.html	https://www.10000recipe.com/recipe/6903510
요리법	recipe.05.html	https://www.10000recipe.com/recipe/6903511
요리법	recipe.06.html	https://www.10000recipe.com/recipe/6903512
요리법	recipe.07.html	https://www.10000recipe.com/recipe/6903513
요리법	recipe.08.html	https://www.10000recipe.com/recipe/6903514
요리법	recipe.09.html	https://www.10000recipe.com/recipe/6903515
요리법	recipe.10.html	https://www.10000recipe.com/recipe/6903516
요리법	recipe.11.html	https://www.10000recipe.com/recipe/6903517
요리법	recipe.12.html	https://www.10000recipe.com/recipe/6903518
요리법	recipe.13.html	https://www.10000recipe.com/recipe/6903519
요리법	recipe.14.html	https://www.10000recipe.com/recipe/6903520
요리법	recipe.15.html	https://www.10000recipe.com/recipe/6903521
요리법	recipe.16.html	https://www.10000recipe.com/recipe/6903522
요리법	recipe.17.html	https://www.10000recipe.com/recipe/6903523
요리법	recipe.18.html	https://www.10000recipe.com/recipe/6903524
요리법	recipe.19.html	https://www.10000recipe.com/recipe/6903525
요리법	recipe.20.html	https://www.10000recipe.com/recipe/6903526
요리법	recipe.21.html	https://www.10000recipe.com/recipe/6903527
요리법	recipe.22.html	https://www.10000recipe.com/recipe/6903528
요리법	recipe.23.html	https://www.10000recipe.com/recipe/6903529
요리법	recipe.24.html	https://www.10000recipe.com/recipe/6903530
요리법	recipe.25.html	https://www.10000recipe.com/recipe/6903531
채용	recruit.01.html	https://job.alio.go.kr/recruitview.do?idx=242971
채용	recruit.02.html	https://job.alio.go.kr/recruitview.do?idx=244647
채용	recruit.03.html	https://job.alio.go.kr/recruitview.do?idx=244648
채용	recruit.04.html	https://job.alio.go.kr/orginfoview.do?apba_id=C0005
채용	recruit.05.html	https://job.alio.go.kr/orginfoview.do?apba_id=C0344
채용	recruit.06.html	https://job.alio.go.kr/orginfoview.do?apba_id=C0918
채용	recruit.07.html	https://job.alio.go.kr/recruitview.do?idx=245468
채용	recruit.08.html	https://job.alio.go.kr/recruitview.do?idx=245444
채용	recruit.09.html	https://job.alio.go.kr/recruitview.do?idx=245441
채용	recruit.10.html	https://job.alio.go.kr/recruitview.do?idx=245440
채용	recruit.11.html	https://job.alio.go.kr/recruitview.do?idx=245439
채용	recruit.12.html	https://job.alio.go.kr/recruitview.do?idx=245438
채용	recruit.13.html	https://job.alio.go.kr/recruitview.do?idx=245437
채용	recruit.14.html	https://job.alio.go.kr/recruitview.do?idx=245433
채용	recruit.15.html	https://job.alio.go.kr/recruitview.do?idx=245432
채용	recruit.16.html	https://job.alio.go.kr/recruitview.do?idx=245455
채용	recruit.17.html	https://job.alio.go.kr/orginfoview.do?apba_id=C0847
채용	recruit.18.html	https://job.alio.go.kr/orginfoview.do?apba_id=C0454
채용	recruit.19.html	https://job.alio.go.kr/orginfoview.do?apba_id=C1024
채용	recruit.20.html	https://job.alio.go.kr/orginfoview.do?apba_id=C0102
채용	recruit.21.html	https://job.alio.go.kr/orginfoview.do?apba_id=C0115
채용	recruit.22.html	https://job.alio.go.kr/orginfoview.do?apba_id=C0135
채용	recruit.23.html	https://job.alio.go.kr/orginfoview.do?apba_id=C0314
채용	recruit.24.html	https://job.alio.go.kr/orginfoview.do?apba_id=C0147
채용	recruit.25.html	https://job.alio.go.kr/orginfoview.do?apba_id=C0067
음식점	restaurant.01.html	https://eatigo.com/kr/seoul/ko/r/cha-r-pangyo-5006554
음식점	restaurant.02.html	https://eatigo.com/kr/seoul/ko/r/hyehwarang-5006625
음식점	restaurant.03.html	https://eatigo.com/kr/seoul/ko/r/craft-hans-iteawon-5006637
음식점	restaurant.04.html	https://eatigo.com/kr/seoul/ko/r/sasagobchang-5006657
음식점	restaurant.05.html	https://eatigo.com/kr/seoul/ko/r/a-view-and-terrace-5006674
음식점	restaurant.06.html	https://eatigo.com/kr/seoul/ko/r/white-bar-5006706
음식점	restaurant.07.html	https://eatigo.com/kr/seoul/ko/r/boom-box-yeoljungdo-5006711
음식점	restaurant.08.html	https://eatigo.com/kr/seoul/ko/r/wine-bistro-cha-cha-gwangwhamun-5006733
음식점	restaurant.09.html	https://eatigo.com/kr/seoul/ko/r/ehwa-garden-skylounge-mokdong-5007699
음식점	restaurant.10.html	https://eatigo.com/kr/seoul/ko/r/nomad-5008501
음식점	restaurant.11.html	https://eatigo.com/kr/seoul/ko/r/dureuga-yeoyido-5006575
음식점	restaurant.12.html	https://eatigo.com/kr/seoul/ko/r/rekeo-5008436
음식점	restaurant.13.html	https://eatigo.com/kr/seoul/ko/r/rodeu-ba-5006632
음식점	restaurant.14.html	https://eatigo.com/kr/seoul/ko/r/reupoteu13-5006707
음식점	restaurant.15.html	https://eatigo.com/kr/seoul/ko/r/maeildeomaegju-myeongdong-5008365
음식점	restaurant.16.html	https://eatigo.com/kr/seoul/ko/r/bonabeddi-sinceonjeom-5006731
음식점	restaurant.17.html	https://eatigo.com/kr/seoul/ko/r/bintiji89-5008590
음식점	restaurant.18.html	https://eatigo.com/kr/seoul/ko/r/sinrungpu-maratang-abgujeong-rodeojeom-5006695
음식점	restaurant.19.html	https://eatigo.com/kr/seoul/ko/r/ssongtai-ciangmai-5007217
음식점	restaurant.20.html	https://eatigo.com/kr/seoul/ko/r/yammitai-5008471
음식점	restaurant.21.html	https://eatigo.com/kr/seoul/ko/r/itaerimun-daehagrojeom-5006654
음식점	restaurant.22.html	https://eatigo.com/kr/seoul/ko/r/keureijihurai-gongdeog-5007870
음식점	restaurant.23.html	https://eatigo.com/kr/seoul/ko/r/peuregeuris-garosugil-5006705
음식점	restaurant.24.html	https://eatigo.com/kr/seoul/ko/r/peuregeuris-gyeongridangil-5006653
음식점	restaurant.25.html	https://eatigo.com/kr/seoul/ko/r/wainjumagcaca-baengbaengsageorijeom-5006700
쇼핑	shopping.01.html	https://emart.ssg.com/item/itemView.ssg?itemId=0000008104632
쇼핑	shopping.02.html	https://emart.ssg.com/item/itemView.ssg?itemId=1000015330746
쇼핑	shopping.03.html	https://emart.ssg.com/item/itemView.ssg?itemId=1000015516043
쇼핑	shopping.04.html	https://emart.ssg.com/item/itemView.ssg?itemId=1000050203616
쇼핑	shopping.05.html	https://emart.ssg.com/item/itemView.ssg?itemId=1000171317834
쇼핑	shopping.06.html	https://emart.ssg.com/item/itemView.ssg?itemId=1000021196773
쇼핑	shopping.07.html	https://emart.ssg.com/item/itemView.ssg?itemId=1000032423748
쇼핑	shopping.08.html	https://emart.ssg.com/item/itemView.ssg?itemId=0000007073168
쇼핑	shopping.09.html	https://emart.ssg.com/item/itemView.ssg?itemId=1000020896666
쇼핑	shopping.10.html	https://emart.ssg.com/item/itemView.ssg?itemId=1000356143798
쇼핑	shopping.11.html	https://emart.ssg.com/item/itemView.ssg?itemId=1000023852278
쇼핑	shopping.12.html	https://emart.ssg.com/item/itemView.ssg?itemId=0000007881869
쇼핑	shopping.13.html	https://emart.ssg.com/item/itemView.ssg?itemId=1000031281268
쇼핑	shopping.14.html	https://emart.ssg.com/item/itemView.ssg?itemId=1000260524990
쇼핑	shopping.15.html	https://emart.ssg.com/item/itemView.ssg?itemId=1000019296021
쇼핑	shopping.16.html	https://tumblbug.com/1st-own-reason-book
쇼핑	shopping.17.html	https://tumblbug.com/chiprojectseoul_15
쇼핑	shopping.18.html	https://tumblbug.com/kiok_gypsy
쇼핑	shopping.19.html	https://tumblbug.com/thewonderfulwizardofoz
쇼핑	shopping.20.html	https://tumblbug.com/timelinem
쇼핑	shopping.21.html	https://tumblbug.com/magoja2022
쇼핑	shopping.22.html	https://tumblbug.com/sonofkingspirit
쇼핑	shopping.23.html	https://tumblbug.com/cares
쇼핑	shopping.24.html	https://tumblbug.com/just-go
쇼핑	shopping.25.html	https://tumblbug.com/mermaidhanbok
사회	society.01.html	https://some.co.kr/contents/detail/9e438b8a-afaf-4a6e-9fa3-1998d56758dd
사회	society.02.html	https://some.co.kr/contents/detail/8259e751-843b-46db-bf68-63a5ecfe8cbd
사회	society.03.html	https://some.co.kr/contents/detail/TVlm3Vgb
사회	society.04.html	https://some.co.kr/contents/detail/jVOGyhaZ
사회	society.05.html	https://some.co.kr/contents/detail/iLu1dSJi
사회	society.06.html	https://some.co.kr/contents/detail/1ef8ac65-12cd-4663-82ed-eaa37752debb
사회	society.07.html	https://some.co.kr/contents/detail/a987bbcc-738c-470c-b4b1-4da4a794c3eb
사회	society.08.html	https://some.co.kr/contents/detail/e47c7822-7285-4449-a6cd-861278608076
사회	society.09.html	https://some.co.kr/contents/detail/1a80cdbb-e7e0-41ba-bf17-f4c197fb205d
사회	society.10.html	https://some.co.kr/contents/detail/1ca7c3c5-6689-4736-b6d0-91ab654e9966
사회	society.11.html	https://some.co.kr/contents/detail/c44638a1-dac3-4f3d-b35c-e48fbaf1243d
사회	society.12.html	https://some.co.kr/contents/detail/5e0d90df-1be6-474e-8b66-297bc7f0f8bc
사회	society.13.html	https://some.co.kr/contents/detail/S4NQm0DZ
사회	society.14.html	https://some.co.kr/contents/detail/6c001f33-40bb-4d08-9588-ce11b7f4e9f3
사회	society.15.html	https://some.co.kr/contents/detail/77c0616f-4a63-40e3-af32-276ac30ab4f5
사회	society.16.html	https://some.co.kr/contents/detail/24d06922-717e-4997-870b-faadeeeab68f
사회	society.17.html	https://some.co.kr/contents/detail/yyjO6Aoy
사회	society.18.html	https://some.co.kr/contents/detail/ca035d29-d0ec-43b2-ab87-1c82e785f357
사회	society.19.html	https://some.co.kr/contents/detail/b5a447f6-ff92-4fae-8b2b-b719eaff4751
사회	society.20.html	https://some.co.kr/contents/detail/r4rhcWiN
사회	society.21.html	https://some.co.kr/contents/detail/Z1zodUuR
사회	society.22.html	https://some.co.kr/contents/detail/VzSHQJCF
사회	society.23.html	https://some.co.kr/contents/detail/f33b0bdf-9125-4b84-8a04-e45dfb50b6e8
사회	society.24.html	https://some.co.kr/contents/detail/JDmSXZi4
사회	society.25.html	https://some.co.kr/contents/detail/34f14ea3-7246-4c78-a1b7-bc3cdc42b64b
스포츠	sport.01.html	http://www.sportsseoul.com/news/read/1166065
스포츠	sport.02.html	http://www.sportsseoul.com/news/read/1165906
스포츠	sport.03.html	http://www.sportsseoul.com/news/read/1165585
스포츠	sport.04.html	http://www.sportsseoul.com/news/read/1165486
스포츠	sport.05.html	http://www.sportsseoul.com/news/read/1164078
스포츠	sport.06.html	http://www.sportsseoul.com/news/read/1165501
스포츠	sport.07.html	http://www.sportsseoul.com/news/read/1164949
스포츠	sport.08.html	http://www.sportsseoul.com/news/read/1163951
스포츠	sport.09.html	http://www.sportsseoul.com/news/read/1163179
스포츠	sport.10.html	http://www.sportsseoul.com/news/read/1162453
스포츠	sport.11.html	http://www.sportsseoul.com/news/read/1165911
스포츠	sport.12.html	http://www.sportsseoul.com/news/read/1165508
스포츠	sport.13.html	http://www.sportsseoul.com/news/read/1165343
스포츠	sport.14.html	http://www.sportsseoul.com/news/read/1164928
스포츠	sport.15.html	http://www.sportsseoul.com/news/read/1163255
스포츠	sport.16.html	http://www.sportsseoul.com/news/read/1162914
스포츠	sport.17.html	http://www.sportsseoul.com/news/read/1163245
스포츠	sport.18.html	http://www.sportsseoul.com/news/read/1165924
스포츠	sport.19.html	http://www.sportsseoul.com/news/read/1165514
스포츠	sport.20.html	http://www.sportsseoul.com/news/read/1162802
스포츠	sport.21.html	https://v.daum.net/v/20221006162923873
스포츠	sport.22.html	https://v.daum.net/v/20221006162700686
스포츠	sport.23.html	https://v.daum.net/v/20221006153226815
스포츠	sport.24.html	https://v.daum.net/v/20221006163004923
스포츠	sport.25.html	https://v.daum.net/v/20221006142222463
스포츠	sport.26.html	https://v.daum.net/v/20221006110813729
스포츠	sport.27.html	https://v.daum.net/v/20221006123318225
통신	telecom.01.html	http://www.tworld.co.kr/normal.do?serviceId=S_PROD2001&viewId=V_PROD7070&prod_id=NA00006157
통신	telecom.02.html	http://www.tworld.co.kr/normal.do?serviceId=S_MSA_0008&viewId=V_PROD7020&prodId=NA00006402
통신	telecom.03.html	http://www.tworld.co.kr/normal.do?serviceId=S_MSA_0008&viewId=V_PROD7020&prodId=NA00006539
통신	telecom.04.html	http://www.tworld.co.kr/normal.do?serviceId=S_MSA_0008&viewId=V_PROD7020&prodId=NA00006797
통신	telecom.05.html	http://www.tworld.co.kr/normal.do?serviceId=S_MSA_0008&viewId=V_PROD7020&prodId=NA00006817
통신	telecom.06.html	http://www.tworld.co.kr/normal.do?serviceId=S_MSA_0008&viewId=V_PROD7020&prodId=NA00007485
통신	telecom.07.html	http://www.tworld.co.kr/normal.do?serviceId=S_MSA_0008&viewId=V_PROD7020&prodId=NA00007488
통신	telecom.08.html	http://www.tworld.co.kr/normal.do?serviceId=S_MSA_0008&viewId=V_PROD7020&prodId=NA00007492
통신	telecom.09.html	http://www.tworld.co.kr/normal.do?serviceId=S_MSA_0008&viewId=V_PROD7020&prodId=NA00007621
통신	telecom.10.html	http://www.tworld.co.kr/normal.do?serviceId=S_MSA_0008&viewId=V_PROD7020&prodId=NA00007789
통신	telecom.11.html	http://www.tworld.co.kr/normal.do?serviceId=S_MSA_0008&viewId=V_PROD7020&prodId=NA00007017
통신	telecom.12.html	http://www.tworld.co.kr/normal.do?serviceId=S_PROD2001&viewId=V_PROD7070&prod_id=NA00006520
통신	telecom.13.html	http://www.tworld.co.kr/normal.do?serviceId=S_MSA_0008&viewId=V_PROD7020&prodId=NA00006577
통신	telecom.14.html	http://www.tworld.co.kr/normal.do?serviceId=S_MSA_0008&viewId=V_PROD7020&prodId=NA00006993
통신	telecom.15.html	http://www.tworld.co.kr/normal.do?serviceId=S_MSA_0008&viewId=V_PROD7020&prodId=NA00003362
통신	telecom.16.html	http://www.tworld.co.kr/normal.do?serviceId=S_MSA_0008&viewId=V_PROD7020&prodId=NA00007872
통신	telecom.17.html	http://www.tworld.co.kr/normal.do?serviceId=S_MSA_0008&viewId=V_PROD7020&prodId=NC00000144
통신	telecom.18.html	http://www.tworld.co.kr/normal.do?serviceId=S_MSA_0008&viewId=V_PROD7020&prodId=NA00007600
통신	telecom.19.html	http://www.tworld.co.kr/normal.do?serviceId=S_MSA_0008&viewId=V_PROD7020&prodId=NC00000145
통신	telecom.20.html	http://www.tworld.co.kr/normal.do?serviceId=S_MSA_0008&viewId=V_PROD7020&prodId=NA00007617
통신	telecom.21.html	http://www.tworld.co.kr/normal.do?serviceId=S_MSA_0008&viewId=V_PROD7020&prodId=NC00000143
통신	telecom.22.html	http://www.tworld.co.kr/normal.do?serviceId=S_MSA_0008&viewId=V_PROD7020&prodId=NA00007668
통신	telecom.23.html	http://www.tworld.co.kr/normal.do?serviceId=S_PROD2001&viewId=V_PROD7070&prod_id=NA00005047&uCode=u1_7
통신	telecom.24.html	http://www.tworld.co.kr/normal.do?serviceId=S_MSA_0008&viewId=V_PROD7020&prodId=NA00006744
통신	telecom.25.html	http://www.tworld.co.kr/normal.do?serviceId=S_PROD2001&viewId=V_PROD7070&prod_id=NA00006229&uCode=u1_7
여행	travel.01.html	https://korean.visitkorea.or.kr/detail/rem_detail.do?cotid=304cef06-6cda-49ca-8eaa-31404fbe8b38&con_type=10000
여행	travel.02.html	https://korean.visitkorea.or.kr/detail/rem_detail.do?cotid=7e8cc72d-519b-402a-bf25-51bc4250b7e3&con_type=10000
여행	travel.03.html	https://korean.visitkorea.or.kr/detail/rem_detail.do?cotid=997487dd-5c64-43e5-be6a-786b1e7f5ad6&con_type=10000
여행	travel.04.html	https://korean.visitkorea.or.kr/detail/rem_detail.do?cotid=a0ccd4b6-19fb-42e3-9116-437b6b388fb1&con_type=10400
여행	travel.05.html	https://korean.visitkorea.or.kr/detail/rem_detail.do?cotid=a202bec2-47d4-4153-a670-0585dbfaf37a&con_type=10300
여행	travel.06.html	https://korean.visitkorea.or.kr/detail/rem_detail.do?cotid=2e6bc739-6b01-44d0-9766-89ddcb2095f0&con_type=11300
여행	travel.07.html	https://korean.visitkorea.or.kr/detail/rem_detail.do?cotid=7f55ecf0-c25d-416d-8771-37379c034905&con_type=10000
여행	travel.08.html	https://korean.visitkorea.or.kr/detail/rem_detail.do?cotid=ed5c5926-f315-4ce3-bf9c-f59537d6cc45&con_type=10600
여행	travel.09.html	https://korean.visitkorea.or.kr/detail/rem_detail.do?cotid=9bf471d0-155b-4069-8feb-09587eac4c9b&con_type=11000
여행	travel.10.html	https://korean.visitkorea.or.kr/detail/rem_detail.do?cotid=7c7ac565-762d-4b4e-96fe-2c1b70bdd4a8&con_type=11000
여행	travel.11.html	https://korean.visitkorea.or.kr/detail/rem_detail.do?cotid=d3166d90-a404-4e2c-96d4-55d7174fb745&con_type=11000
여행	travel.12.html	https://korean.visitkorea.or.kr/detail/rem_detail.do?cotid=65437746-4036-4152-9e3d-952ce70a7b10&con_type=11000
여행	travel.13.html	https://korean.visitkorea.or.kr/detail/rem_detail.do?cotid=c9afda25-0b27-4704-9636-191e0532b217&con_type=11000
여행	travel.14.html	https://korean.visitkorea.or.kr/detail/rem_detail.do?cotid=0c2fa5b9-debb-4050-8ff3-1684ea95fa6e&con_type=11000
여행	travel.15.html	https://korean.visitkorea.or.kr/detail/rem_detail.do?cotid=d5ebe5fb-7999-41b4-9a8f-9f3b40220ccf&con_type=11300
여행	travel.16.html	https://korean.visitkorea.or.kr/detail/rem_detail.do?cotid=dfda9756-f22f-4d7b-8b27-3f821af5e49f&con_type=11000
여행	travel.17.html	https://korean.visitkorea.or.kr/detail/rem_detail.do?cotid=7b01802b-b8ff-47be-a8f4-150fe38de7b3&con_type=11300
여행	travel.18.html	https://korean.visitkorea.or.kr/detail/rem_detail.do?cotid=bdc00ba8-43ad-4443-9c3d-92c68c40cdf1&con_type=10000
여행	travel.19.html	https://korean.visitkorea.or.kr/detail/rem_detail.do?cotid=d850f477-41db-44f9-bd55-63b577e27a0a&con_type=10000
여행	travel.20.html	https://korean.visitkorea.or.kr/detail/rem_detail.do?cotid=f6d5836b-49c0-4a8b-9e4b-682cdb0996b0&con_type=11000
여행	travel.21.html	https://korean.visitkorea.or.kr/detail/rem_detail.do?cotid=71ef0e2e-6113-47b4-80b4-647842f075c9&con_type=11000
여행	travel.22.html	https://korean.visitkorea.or.kr/detail/rem_detail.do?cotid=7f77f62d-04b9-41b9-8221-52d1f8c16b9f&con_type=10600
여행	travel.23.html	https://korean.visitkorea.or.kr/detail/rem_detail.do?cotid=72a2ed51-2b39-4761-8522-e67559a3ed9a&con_type=11300
여행	travel.24.html	https://korean.visitkorea.or.kr/detail/rem_detail.do?cotid=78ac1b66-81f8-45d8-b987-dd4a217db34d&con_type=10400
여행	travel.25.html	https://korean.visitkorea.or.kr/detail/rem_detail.do?cotid=c6b03095-be54-47be-aeae-da7906ea528e&con_type=11300
날씨	weather.01.html	https://www.weather.go.kr/w/theme/daily-life/health-weather-index.do
날씨	weather.02.html	https://www.weather.go.kr/w/weather/warning/safetyguide/heavy-rain.do
날씨	weather.03.html	https://www.weather.go.kr/w/typhoon/basic/info1.do
날씨	weather.04.html	https://www.weather.go.kr/w/typhoon/basic/info2.do
날씨	weather.05.html	https://www.weather.go.kr/w/obs-climate/climate/korea-climate/korea-char.do
날씨	weather.06.html	https://www.weather.go.kr/w/eqk-vol/volcano/archive/korea.do
날씨	weather.07.html	https://www.weather.go.kr/w/theme/daily-life/life-weather-index.do
날씨	weather.08.html	https://www.weather.go.kr/w/theme/daily-life/regional-composite-index.do
날씨	weather.09.html	https://www.weather.go.kr/w/weather/forecast/short-term.do
날씨	weather.10.html	https://www.weather.go.kr/w/weather/forecast/short-term.do
날씨	weather.11.html	https://www.weather.go.kr/w/weather/forecast/nk-weather/nk-land-forecast.do
날씨	weather.12.html	https://www.weather.go.kr/w/weather/warning/status.do
